,movie_id,title,score_recomendacao
126,153,Batman Forever (1995),0.9950350226617224
46,50,"Usual Suspects, The (1995)",0.9942985166872682
15,16,Casino (1995),0.9942521631644005
20,21,Get Shorty (1995),0.9922074577667903
97,110,Braveheart (1995),0.9910280181293778
145,173,Judge Dredd (1995),0.988545529460239
21,22,Copycat (1995),0.9881798516687269
503,585,"Brady Bunch Movie, The (1995)",0.9880871446229914
44,48,Pocahontas (1995),0.9878862793572313
124,151,Rob Roy (1995),0.9876699629171817
