,movie_id,title,score_recomendacao
253,292,Outbreak (1995),0.9916872682323856
322,364,"Lion King, The (1994)",0.9916048619695097
276,317,"Santa Clause, The (1994)",0.991331891223733
5,6,Heat (1995),0.9907035434693037
486,555,True Romance (1993),0.9898125257519572
126,153,Batman Forever (1995),0.9892871858261229
44,48,Pocahontas (1995),0.988627935723115
337,380,True Lies (1994),0.988566131025958
472,539,Sleepless in Seattle (1993),0.9866553358055212
15,16,Casino (1995),0.9857231149567367
