,movie_id,title,score_recomendacao
2226,2959,Fight Club (1999),0.9960032962505151
2031,2706,American Pie (1999),0.9923156159868151
2382,3160,Magnolia (1999),0.990265760197775
2302,3052,Dogma (1999),0.989941285537701
2190,2908,Boys Don't Cry (1999),0.98975587144623
1872,2490,Payback (1999),0.9889060568603214
1962,2605,Entrapment (1999),0.9883858673259168
1946,2580,Go (1999),0.987994437577256
1883,2502,Office Space (1999),0.9876905644829007
1947,2581,Never Been Kissed (1999),0.9870673671199012
