,movie_id,title,score_recomendacao
257,296,Pulp Fiction (1994),0.9986402966625464
3141,4226,Memento (2000),0.9972599917593737
520,608,Fargo (1996),0.9971981870622167
2226,2959,Fight Club (1999),0.9967449526163988
5,6,Heat (1995),0.9953749484960858
138,165,Die Hard: With a Vengeance (1995),0.994221260815822
5850,32587,Sin City (2005),0.9898846312319737
15,16,Casino (1995),0.9894107952204367
486,555,True Romance (1993),0.9893901936547179
1295,1729,Jackie Brown (1997),0.9875978574371653
