,movie_id,title,score_recomendacao
97,110,Braveheart (1995),0.995941491553358
140,168,First Knight (1995),0.9923877214668315
24,25,Leaving Las Vegas (1995),0.9922023073753605
55,62,Mr. Holland's Opus (1995),0.9919293366295839
145,173,Judge Dredd (1995),0.9914194478780387
124,151,Rob Roy (1995),0.9910074165636589
276,317,"Santa Clause, The (1994)",0.9904975278121138
44,48,Pocahontas (1995),0.990389369592089
20,21,Get Shorty (1995),0.9887772970745777
5,6,Heat (1995),0.9887566955088587
