,movie_id,title,score_recomendacao
485,553,Tombstone (1993),0.9961166048619696
138,165,Die Hard: With a Vengeance (1995),0.9958848372476308
43,47,Seven (a.k.a. Se7en) (1995),0.9953028430160693
15,16,Casino (1995),0.9952719406674907
253,292,Outbreak (1995),0.9937268232385662
118,145,Bad Boys (1995),0.9931396786155748
5,6,Heat (1995),0.9925576843840132
3090,4148,Hannibal (2001),0.991702719406675
274,315,"Specialist, The (1994)",0.9912597857437166
97,110,Braveheart (1995),0.9910280181293778
