,movie_id,title,score_recomendacao
257,296,Pulp Fiction (1994),0.9973836011536877
7372,79132,Inception (2010),0.9973475484136795
793,1036,Die Hard (1988),0.9950659250103009
1181,1573,Face/Off (1997),0.9950556242274413
5,6,Heat (1995),0.9932993407498969
6537,54503,Superbad (2007),0.9928615574783685
5391,8984,Ocean's Twelve (2004),0.9923722702925422
3016,4034,Traffic (2000),0.9922744128553771
5931,34048,War of the Worlds (2005),0.991640914709518
2605,3481,High Fidelity (2000),0.9905593325092708
