,movie_id,title,score_recomendacao
322,364,"Lion King, The (1994)",0.992171405026782
253,292,Outbreak (1995),0.9911001236093944
5,6,Heat (1995),0.9902657601977751
276,317,"Santa Clause, The (1994)",0.9899773382777092
126,153,Batman Forever (1995),0.9898022249690976
337,380,True Lies (1994),0.9894932014833128
486,555,True Romance (1993),0.9876596621343223
44,48,Pocahontas (1995),0.9868355995055624
472,539,Sleepless in Seattle (1993),0.9868046971569839
15,16,Casino (1995),0.98504326328801
