,movie_id,title,score_recomendacao
257,296,Pulp Fiction (1994),0.9976514215080347
7372,79132,Inception (2010),0.9970642768850433
793,1036,Die Hard (1988),0.9950762257931604
1181,1573,Face/Off (1997),0.9930984754841368
5,6,Heat (1995),0.9925731355583024
2226,2959,Fight Club (1999),0.9910589204779563
3016,4034,Traffic (2000),0.9902142562834776
6537,54503,Superbad (2007),0.9892253811289659
2605,3481,High Fidelity (2000),0.9889472599917595
6315,48516,"Departed, The (2006)",0.9878450762257932
