,movie_id,title,score_recomendacao
126,153,Batman Forever (1995),0.9977235269880512
5,6,Heat (1995),0.9938555830243099
1,2,Jumanji (1995),0.9935568603213843
24,25,Leaving Las Vegas (1995),0.9925731355583025
291,333,Tommy Boy (1995),0.9923825710754017
157,186,Nine Months (1995),0.992233209723939
5917,33794,Batman Begins (2005),0.9917181705809642
15,16,Casino (1995),0.9904511742892459
503,585,"Brady Bunch Movie, The (1995)",0.9900339925834364
6,7,Sabrina (1995),0.9895138030490318
