,movie_id,title,score_recomendacao
126,153,Batman Forever (1995),0.9973011948908117
1,2,Jumanji (1995),0.9930881747012773
5,6,Heat (1995),0.9930675731355584
5917,33794,Batman Begins (2005),0.9915739596209312
24,25,Leaving Las Vegas (1995),0.9908117016893284
138,165,Die Hard: With a Vengeance (1995),0.9896889163576432
15,16,Casino (1995),0.9892459826946849
253,292,Outbreak (1995),0.9882159044087352
291,333,Tommy Boy (1995),0.9881644004944377
157,186,Nine Months (1995),0.9877626699629173
