,movie_id,title,score_recomendacao
257,296,Pulp Fiction (1994),0.9983106716110426
2806,3751,Chicken Run (2000),0.9964925834363412
2226,2959,Fight Club (1999),0.9960960032962506
2250,2987,Who Framed Roger Rabbit? (1988),0.9960238978162339
5,6,Heat (1995),0.9937628759785744
920,1219,Psycho (1960),0.9932632880098887
0,1,Toy Story (1995),0.9929336629583848
690,908,North by Northwest (1959),0.9928770086526576
3141,4226,Memento (2000),0.9914194478780387
1181,1573,Face/Off (1997),0.9912546353522869
