,movie_id,title,score_recomendacao
257,296,Pulp Fiction (1994),0.9984754841367944
2226,2959,Fight Club (1999),0.996415327564895
2250,2987,Who Framed Roger Rabbit? (1988),0.9948290070045324
2806,3751,Chicken Run (2000),0.994427276473012
0,1,Toy Story (1995),0.9935929130613927
5,6,Heat (1995),0.9929851668726823
3141,4226,Memento (2000),0.9919035846724352
920,1219,Psycho (1960),0.9917799752781211
1181,1573,Face/Off (1997),0.9897198187062217
690,908,North by Northwest (1959),0.9894622991347343
